#CHROM,POS,REF,ALT,Sample1
KF848938.1,1,C,T,0/1:255:934:902:303:478:52.99%:7.1044E-192:31:30:248:55:362:116
KF848938.1,2,A,T,0/1:255:1684:1680:914:664:39.48%:8.3447E-237:31:31:810:104:559:105
KF848938.1,4,A,T,0/1:255:1761:1751:682:817:32%:6.3757E-312:36:32:593:89:728:89
KF848938.1,44,T,C,0/1:24:5376:5291:5272:19:0.36%:3.2759E-3:35:33:4317:955:18:1
KF848938.1,70,A,G,0/1:21:9837:9761:9737:24:0.25%:6.7269E-3:36:35:7157:2580:18:6
KF848938.1,158,A,G,0/1:28:16746:16550:16507:39:0.24%:1.323E-3:37:35:12090:4417:27:12
KF848938.1,165,T,C,0/1:44:18292:17951:17898:50:0.28%:3.3184E-5:36:34:12863:5035:38:12
KF848938.1,183,A,G,0/1:27:18652:17833:17786:40:0.22%:1.5888E-3:36:35:12241:5545:31:9
KF848938.1,193,A,G,0/1:26:18304:17947:17908:39:0.22%:2.2653E-3:36:35:12103:5805:24:15
KF848938.1,216,A,G,0/1:56:22755:22157:22083:65:0.29%:2.1295E-6:36:34:15999:6084:41:24
KF848938.1,218,A,G,0/1:56:22242:21716:21644:63:0.29%:2.4341E-6:36:34:16041:5603:43:20
KF848938.1,222,T,C,0/1:40:22503:21997:21943:54:0.25%:8.7066E-5:36:34:16399:5544:46:8
KF848938.1,228,T,C,0/1:22:22798:22262:22218:43:0.19%:6.2195E-3:35:35:16832:5386:38:5
KF848938.1,235,T,C,0/1:31:21979:21612:21563:48:0.22%:7.6858E-4:37:36:16268:5295:43:5
KF848938.1,254,A,G,0/1:22:22595:21772:21727:42:0.19%:5.5419E-3:36:37:15992:5735:26:16
KF848938.1,276,A,G,0/1:44:23517:23008:22940:58:0.25%:3.4561E-5:37:36:15733:7207:37:21
KF848938.1,319,T,C,0/1:35:24503:23667:23598:54:0.23%:2.6664E-4:36:35:15668:7930:41:13
KF848938.1,340,T,C,0/1:33:25296:24664:24605:54:0.22%:4.4636E-4:37:36:16485:8120:41:13
KF848938.1,356,A,G,0/1:38:24239:23490:23431:56:0.24%:1.3029E-4:36:34:14115:9316:31:25
KF848938.1,370,A,G,0/1:47:21484:21163:21100:58:0.27%:1.8505E-5:37:35:11786:9314:24:34
KF848938.1,389,T,C,0/1:21:21542:21168:21125:41:0.19%:7.5303E-3:37:35:11599:9526:29:12
KF848938.1,398,A,G,0/1:34:22296:21993:21941:50:0.23%:3.7971E-4:37:37:11906:10035:29:21
KF848938.1,403,A,G,0/1:20:22778:22467:22423:42:0.19%:8.3905E-3:37:35:12157:10266:22:20
KF848938.1,409,T,C,0/1:27:23457:22606:22557:47:0.21%:1.76E-3:36:35:12116:10441:31:16
KF848938.1,414,T,C,0/1:34:24118:23675:23619:53:0.22%:3.7864E-4:37:35:12564:11055:31:22
KF848938.1,421,A,G,0/1:21:25110:24756:24703:45:0.18%:7.6807E-3:37:34:13674:11029:16:29
KF848938.1,463,A,G,0/1:23:23269:22819:22771:44:0.19%:4.5803E-3:36:36:12085:10686:24:20
KF848938.1,499,A,G,0/1:32:23903:23430:23373:52:0.22%:5.3488E-4:36:35:12763:10610:27:25
KF848938.1,516,A,G,0/1:23:22874:22480:22434:44:0.2%:4.5799E-3:37:37:12360:10074:25:19
KF848938.1,548,A,G,0/1:27:27935:27029:26974:54:0.2%:1.7858E-3:34:33:13256:13718:22:32
KF848938.1,566,A,G,0/1:21:28564:27880:27828:49:0.18%:7.6854E-3:36:35:12945:14883:21:28
KF848938.1,591,A,G,0/1:25:27412:26868:26815:51:0.19%:2.9179E-3:37:34:12357:14458:19:32
KF848938.1,607,A,G,0/1:23:30112:29537:29478:54:0.18%:3.9965E-3:36:35:13997:15481:20:34
KF848938.1,660,A,G,0/1:63:29293:28788:28700:79:0.27%:4.1158E-7:36:35:12280:16420:23:56
KF848938.1,670,A,G,0/1:67:30377:29987:29893:83:0.28%:1.6058E-7:36:33:13539:16354:36:47
KF848938.1,691,A,G,0/1:44:28991:28569:28498:67:0.23%:3.8501E-5:37:34:15167:13331:26:41
KF848938.1,722,A,G,0/1:47:28718:28140:28063:69:0.25%:1.8735E-5:37:36:15186:12877:33:36
KF848938.1,744,A,G,0/1:52:29015:28486:28411:72:0.25%:6.1831E-6:37:35:15104:13307:21:51
KF848938.1,793,A,G,0/1:23:32182:31693:31636:56:0.18%:4.8119E-3:37:35:13961:17675:29:27
KF848938.1,859,A,G,0/1:69:26267:25848:25768:77:0.3%:1.1943E-7:37:36:10030:15738:27:50
KF848938.1,898,A,G,0/1:29:26849:26267:26212:54:0.21%:1.1535E-3:36:35:10642:15570:10:44
KF848938.1,915,T,C,0/1:32:27290:26134:26068:56:0.21%:6.0488E-4:35:36:12519:13549:23:33
KF848938.1,987,A,G,0/1:33:23307:22478:22424:51:0.23%:4.5284E-4:36:34:11839:10585:22:29
KF848938.1,1031,A,G,0/1:57:22213:21482:21412:64:0.3%:1.6034E-6:36:35:10566:10846:24:40
KF848938.1,1056,T,C,0/1:24:19088:18544:18500:39:0.21%:3.7315E-3:35:36:9670:8830:19:20
KF848938.1,1086,A,G,0/1:27:17109:16677:16637:38:0.23%:1.9052E-3:36:35:7414:9223:12:26
KF848938.1,1100,T,C,0/1:23:18337:17606:17564:37:0.21%:4.5106E-3:35:34:8051:9513:19:18
KF848938.1,1213,A,G,0/1:27:17897:17624:17584:40:0.23%:1.5887E-3:37:35:5109:12475:14:26
KF848938.1,1264,T,C,0/1:25:17316:16961:16920:37:0.22%:2.7252E-3:35:33:6861:10059:15:22
KF848938.1,1280,T,C,0/1:26:15514:15239:15202:36:0.24%:2.284E-3:37:34:6832:8370:20:16
KF848938.1,1358,A,G,0/1:36:20406:20139:20086:50:0.25%:2.1768E-4:37:36:6820:13266:18:32
KF848938.1,1366,A,G,0/1:28:19808:19414:19368:43:0.22%:1.5662E-3:37:36:6038:13330:12:31
KF848938.1,1398,T,C,0/1:31:18055:17639:17596:42:0.24%:7.6673E-4:36:37:4861:12735:12:30
KF848938.1,1421,A,G,0/1:28:16683:16480:16435:39:0.24%:1.3229E-3:37:35:3332:13103:7:32
KF848938.1,1460,A,G,0/1:66:14859:14415:14354:56:0.39%:2.087E-7:35:34:2521:11833:7:49
KF848938.1,1482,A,G,0/1:24:11128:10923:10894:27:0.25%:3.791E-3:37:36:2549:8345:5:22
KF848938.1,1517,A,G,0/1:20:10977:10563:10537:25:0.24%:8.2927E-3:36:34:2396:8141:4:21
KF848938.1,1520,T,C,0/1:33:11193:10920:10882:32:0.29%:4.6521E-4:37:35:2366:8516:5:27
KF848938.1,1600,T,C,0/1:36:7113:7032:7004:28:0.4%:2.5025E-4:35:33:928:6076:2:26
KF848938.1,1604,T,C,0/1:25:6807:6643:6621:21:0.32%:2.938E-3:36:35:897:5724:2:19
KF848938.1,1662,A,C,0/1:255:2450:2437:1262:644:26.43%:1.4081E-220:30:29:63:1199:9:635
KF848938.1,1663,T,A,0/1:255:2411:2387:1688:558:23.38%:3.3316E-181:30:30:41:1647:19:539
KF848938.1,1664,T,A,0/1:255:2126:2111:878:767:36.33%:2.7928E-280:30:29:25:853:17:750
KF848938.1,1665,A,C,0/1:255:1626:1612:338:791:49.07%:0E0:30:30:16:322:24:767
